,center_row,center_col,x0_m,y0_m,x0_px,y0_px,depth_m,depth_px,rmse,rank,si,tz_sign
0,15,15,694.5444251652996,1812.624012088707,8.753211817819691,19.540386488855606,0.7504503176370038,0.008720572333557329,45.49913451012038,4,0,1
1,15,75,5757.889282274555,1491.2733099066409,72.56558786618713,16.076172797971648,70.6693326708318,0.821209629520486,35.33989785340913,4,0,1
2,15,135,12517.766011333253,2276.434038795085,157.75903371051663,24.54033524756461,7.491155404165204,0.0870506161815506,58.99272312856573,4,0,1
3,15,315,23755.75136349565,1330.562823504739,299.3892342115444,14.343687188070408,3.8361801540993237,0.0445781495885274,28.422251079304235,4,0,1
4,15,355,28337.538182230586,1320.221394133255,357.13262552727804,14.23220486994027,14.232524191856701,0.16538837253744262,42.739784349556196,4,0,1
5,15,375,29677.333885615106,1265.6525919566388,374.0178169699108,13.643944161898407,22.89126096813149,0.2660068126928127,38.798177857548396,4,0,1
6,15,415,33367.39922082787,982.3765840049712,420.52301135401933,10.590181968812757,38.07535103526804,0.44245281136552284,49.38260690434189,4,0,1
7,15,435,32928.219349548264,479.1917874199536,414.9881106332796,5.165766681906446,114.1143302127281,1.3260601635149107,37.90040133409325,4,0,1
8,15,455,35645.47159963471,-972.5466166009064,449.2331259925104,-10.484213295239389,320.2876998112866,3.7218880292406675,45.85797579081138,4,0,1
9,15,475,34271.85821657645,-656.3692749846873,431.92173673927545,-7.075769286445413,398.38854214025264,4.62945516437905,43.574874926115534,4,0,1
10,15,495,39183.14731833258,-1094.279305488002,493.8177829079412,-11.796511804647556,77.58597921704575,0.9015841927585069,56.79624562061335,4,0,1
11,15,735,56480.37133663159,2179.1892050826978,711.8114204731917,23.492019864941536,1.9590082394518034,0.022764562360326295,17.195294940050758,4,0,1
12,15,835,65863.8217770465,1650.9019179389932,830.0692687993331,17.79699558020761,108.35838311626729,1.2591734531982721,54.43701731203084,4,0,1
13,15,855,67051.75403080304,1129.276606742307,845.0405539548885,12.1737884974505,117.5430904259814,1.3659039089986218,88.51377932640987,4,0,1
14,15,895,71147.60537539078,1460.7990316615233,896.6597925441916,15.747655040892868,173.18719694500132,2.012513610441908,181.881377133364,4,0,1
15,15,915,73207.10752597993,1811.3238264239906,922.6153080017833,19.526370272460813,160.24100238096216,1.8620729703532994,103.68411403183647,4,0,1
16,15,935,73438.57087218924,2179.007077918138,925.5323967062953,23.490056504000776,308.0231319583535,3.5793682000291898,59.29264925809454,4,0,1
17,15,955,74761.22287126732,2222.6123322722033,942.2015292912091,23.960128354169775,201.52812855511377,2.3418480624341504,52.65698177922282,4,0,1
18,15,1015,81514.05636369994,980.3646814817598,1027.306210558591,10.568493327031964,37.796125894773354,0.43920808885984264,100.41105518970528,4,0,1
19,15,1035,82339.88042312932,2011.4595092408103,1037.7139147377968,21.683866016956276,26.066694021086068,0.30290678192176,201.87827453597166,4,0,1
20,15,1055,84068.69633467216,1745.8248739465018,1059.5018541689572,18.820280737350604,57.314759973320925,0.6660234506950872,614.0386823448139,4,0,1
21,15,1075,84625.9130758857,1955.2978864736294,1066.5243512009024,21.07843443964452,23.393991425966743,0.27184876814116166,347.6798431563032,4,0,1
22,15,1115,88572.91276727653,2443.6972392238577,1116.2676406030025,26.343460197881765,27.315604960485132,0.31741969227603173,316.8899061190202,4,0,1
23,15,1135,89968.46894337215,2007.131897553065,1133.8555707201065,21.637213647580023,68.2630214794115,0.7932472044156446,556.372184131165,4,0,1
24,15,1175,93497.14513962406,1686.0166109807071,1178.326808358995,18.17553777588445,30.81099497826324,0.35803770624397624,1153.4674759634809,4,0,1
25,15,1195,94422.16446704698,1359.8714591181272,1189.9846517094516,14.659639124890836,38.799860788076586,0.4508719425954609,2385.201900241784,4,0,1
26,15,1215,95867.56135767179,1307.077166704444,1208.2007149100823,14.090507925431396,1.3419244159193155,0.015593769047948543,2378.5279990702566,4,0,1
27,15,1235,98231.33709734048,1215.9998268842064,1237.9909327701123,13.108679146492554,168.83768955387117,1.9619703660348347,1522.1500849556555,4,0,1
28,15,1255,99066.70073843007,1250.7024137840901,1248.5188624898303,13.482778769836637,36.70709597122823,0.42655306826955564,1438.204060042817,4,0,1
29,15,1275,102307.65346813315,1613.4793173459757,1289.3639757853266,17.39357375961559,102.90424258461658,1.1957938717578742,2210.4094646919557,4,0,1
30,15,1295,102163.54954652513,2663.9825216939703,1287.5478613599414,28.71817195749961,28.217989260504496,0.3279058062479253,2233.866519063856,4,0,1
31,15,1315,104052.07400215173,1990.1919794791343,1311.3485773174527,21.454598530464406,86.43448029168361,1.0044077799453455,1745.2261088406115,4,0,1
32,15,1335,105463.21290437375,1144.9888082024459,1329.1328935799802,12.3431686265199,63.93535965833065,0.7429578154195232,756.0668875665367,4,0,1
33,15,1435,113742.23579558871,753.3337459285502,1433.4718507231971,8.121062312078005,52.542682828564146,0.6105697545021078,507.72187566420274,4,0,1
34,15,1455,115474.97990266833,807.4297438207232,1455.3092964585612,8.704226111775945,34.6410818370168,0.4025450489828513,818.9890337821722,4,0,1
35,15,1475,117193.06875638592,1613.0261003422854,1476.9620448120534,17.38868800539609,77.00710474898098,0.8948574094496481,1183.9432853077708,4,0,1
36,15,1495,118303.33623366036,1687.3632590967945,1490.954535502201,18.190054865185566,36.465184845897305,0.4237419515078449,1322.0113497975174,4,0,1
37,15,1535,121889.24585242559,1226.2147942565252,1536.1470751228867,13.218798183366701,93.0462100891847,1.0812390725625525,1391.7124649810464,4,0,1
38,15,1555,123670.80325577118,1053.7351600662105,1558.5997055840373,11.359439214789688,71.71207683194687,0.8333267886030904,1956.832543554906,4,0,1
39,15,1575,124777.7102306236,1102.8679172156644,1572.5498444987645,11.889098458825142,101.43233633579203,1.178689654983729,2272.7727622829925,4,0,1
40,15,1595,126443.70851367617,1687.6245760018542,1593.5461052580563,18.19287190461949,122.16176187438481,1.419574961570846,2174.9469180832143,4,0,1
41,15,1615,127910.1895015076,1590.2308460629793,1612.0278873416703,17.142951396061367,69.25896572177884,0.8048205272614553,2393.6591529533102,4,0,1
42,15,1635,129440.48906381681,1491.5776951715868,1631.3139628298168,16.07945412144463,83.42721572266068,0.9694620046102302,2084.627325947005,4,0,1
43,15,1695,133814.01520493245,1181.7240173745847,1686.4326842778303,12.739180253964575,131.20613967239206,1.5246747249341188,1787.2210847786241,4,0,1
44,15,1735,138142.200614882,842.2192689027922,1740.9799850801776,9.079262943095433,121.18934947451842,1.4082750893850569,1465.3572555436724,4,0,1
45,15,1755,139476.84376689227,583.2452071435362,1757.8002398939257,6.287479747233757,17.706990455766928,0.20576324301566362,1835.2225307794906,4,0,1
46,15,1775,140616.24340021663,760.9476576959746,1772.1598776280568,8.20314153955998,3.969510527224265,0.0461275088675765,1817.0281331319698,4,0,1
47,15,1855,147734.77612615572,1434.068300330102,1861.8733970582887,15.459493338376387,37.74496759361164,0.4386136062468598,2513.029274988261,4,0,1
48,15,1875,148949.66241735537,1590.379699023596,1877.1843788416427,17.14455605558318,150.9284725587419,1.7538571591070666,1716.575864146917,4,0,1
49,15,1895,150171.46603930826,1307.5106056773495,1892.58253843408,14.0951804692096,34.79121852904681,0.40428970529386643,1849.7541914027026,4,0,1
50,15,1915,152048.64609273558,1287.9428132199678,1916.2402830397255,13.884236431835653,82.96370566295484,0.9640758079387121,2008.4824471774896,4,0,1
51,15,1935,153639.8488855054,1526.2323677563086,1936.2939104040306,16.45303722055072,22.427102562453065,0.26061308194766125,1546.0968827375589,4,0,1
52,15,1975,156503.50049623023,2093.489662920201,1972.3839691719047,22.568164633738075,107.54579916685545,1.2497308599427366,1743.8591895468967,4,0,1
53,35,35,2748.385026796307,3583.4591057266507,34.63737584639972,38.630281528831944,369.350584601999,4.2920209556382725,31.87514544533725,4,0,1
54,35,55,3681.0535232839125,3805.0254190435253,46.39162022554143,41.01880301274061,654.6482712068453,7.607309195462257,22.143287093835276,4,0,1
55,35,75,6479.554888391631,3191.7783231447356,81.66060278978198,34.40789794521787,1061.73992098201,12.337898409455631,15.689594870587891,4,0,1
56,35,95,6488.556399750529,3523.9253492954645,81.77404713221722,37.98849779318659,882.9939137539474,10.260788907689966,33.47141424575601,4,0,1
57,35,115,9337.272443122889,3438.068248826684,117.67587577409991,37.06294405739597,217.71382134800453,2.5299331380905716,52.57291794669552,4,0,1
58,35,135,10066.202841621316,3662.769430944122,126.86244749985512,39.48525994518892,119.28290471612611,1.3861213384640891,72.46201294560822,4,0,1
59,35,155,13280.944670997631,3242.3029369523993,167.37722978385224,34.95256163411178,411.352969977878,4.780107683358837,51.14473023970955,4,0,1
60,35,175,13768.10202442857,3394.394079790094,173.51678162342623,36.592129295557314,575.7783176835514,6.690804640157536,37.632676394838754,4,0,1
61,35,195,15631.10960506673,3371.064638894294,196.9959132393031,36.340634066192266,285.8909911863597,3.32218270758197,60.41559182069913,4,0,1
62,35,215,16851.506724908722,3319.482210376282,212.3763469520806,35.784566959857145,213.6036630268627,2.4821712382025805,60.71064227693955,4,0,1
63,35,235,20569.642098050594,4351.654636678335,259.23530270670074,46.91155634020907,777.1731309123417,9.03110351816328,44.186044405502706,4,0,1
64,35,255,19957.876511073973,3434.540818231343,251.52533690518317,37.02491777247097,270.65083515883396,3.1450851970749207,27.5509979344782,4,0,1
65,35,275,22807.896148345255,3144.782187535362,287.4435944940248,33.90127183458192,30.988807679337523,0.3601039703058345,44.74496465160349,4,0,1
66,35,295,24290.73470144976,3582.1954535993777,306.13152787404425,38.61665915001003,495.62747802568435,5.759415608259123,19.815508629458577,4,0,1
67,35,315,25431.768470458042,3976.2831736312082,320.511760310634,42.86498991721661,501.3172679939176,5.8255335428040285,29.1962251171307,4,0,1
68,35,335,26265.774471113076,3980.069699124755,331.022579945143,42.905809287974336,292.48846155049023,3.3988482991298046,24.95471964877598,4,0,1
69,35,355,29127.868473337,3304.88705054262,367.0930084681491,35.62722872417541,210.30370426501423,2.4438242238778085,31.310313963916414,4,0,1
70,35,375,30240.33128085793,3534.171280004639,381.1131664895162,38.09895061995048,329.66979538003983,3.8309122259460326,39.73046408390302,4,0,1
71,35,395,31072.75302822242,3589.55548534119,391.60402007992093,38.696001508847885,949.1443971343393,11.029487463291783,35.422386381671934,4,0,1
72,35,415,33258.83768856039,2286.4799606855263,419.15483092844295,24.6486319461998,92.0770006388003,1.0699764200993513,69.72238820225608,4,0,1
73,35,435,35946.43483725062,3030.473557187426,453.02610866255617,32.66900590347106,1859.0635709217586,21.6031600785416,53.98863910988774,4,0,1
74,35,455,36942.23894374817,4167.145909295202,465.57603917442117,44.92252175852612,2145.2187249983176,24.928412478463866,29.323418302406445,4,0,1
75,35,475,36384.84503539783,2205.513440572786,458.55130933861307,23.775799475092036,1822.3538778892855,21.176576831244986,13.760374954154184,4,0,1
76,35,495,40000.25038906224,2790.4399403127777,504.11557811864407,30.08140383444419,2477.775234212522,28.792869625646496,22.50030778688636,4,0,1
77,35,515,41017.02632376611,1867.8433758401302,516.9298126085494,20.135660358215947,1234.6500535965379,14.347192406982256,9.166287088770854,4,0,1
78,35,535,41240.733632104915,1501.3042488820186,519.7491534370612,16.18430797830568,550.9895127099624,6.402747507321204,10.70839820067705,4,0,1
79,35,555,43495.88559901863,1525.172312347136,548.1704064664415,16.441609648005784,356.76461756857697,4.145766322489041,14.639343792188715,4,0,1
80,35,575,45149.62106962628,2030.7118546625684,569.0121213235226,21.89140948314075,397.1218432585401,4.614735550084538,8.679563531524092,4,0,1
81,35,615,48935.32870365817,3406.1105613800764,616.722677481441,36.71843490390794,258.80447479155686,3.0074251281212327,7.42100832902008,4,0,1
82,35,635,51182.5144408798,4347.450318614326,645.0435336271121,46.86623309647793,130.0460445247131,1.5111938942763368,13.004287246948493,4,0,1
83,35,655,52503.2511433601,4181.420572183087,661.6885280918324,45.07640498415215,347.22772563206905,4.0349433219318405,14.013212788796704,4,0,1
84,35,675,54479.415672963805,3054.076146154246,686.5937552993885,32.923445714194855,776.6594832444878,9.025134699793547,11.617391104365103,4,0,1
85,35,695,58644.35556075704,2202.9611503890264,739.0837037107716,23.748285365000942,1523.4257909877167,17.70289717105731,30.64026404449035,4,0,1
86,35,715,57857.11960456591,3540.115952192597,729.1623180866559,38.163035168829644,217.34422682687585,2.5256382824820918,32.128378557339744,4,0,1
87,35,755,60221.23635284354,3456.0373743448285,758.9568336135844,37.2566542008949,129.35802108493283,1.5031987505169482,35.10785942499576,4,0,1
88,35,775,59295.892831998324,3720.246413774714,747.294904514841,40.10487132142182,245.17068164866848,2.8489942813495404,63.08753618761931,4,0,1
89,35,795,61036.76972376215,3051.105029103518,769.2348461949282,32.891416581243035,142.71506558207304,1.6584136527727393,95.63442307166956,4,0,1
90,35,835,66192.34486759012,2721.2361798545294,834.209583074966,29.335375856872535,102.55134655452333,1.1916930601727136,98.49996519758655,4,0,1
91,35,855,67864.57656671309,3154.6837694773467,855.2844023961522,34.00801252471241,156.33285650963683,1.8166585465599963,62.76579913301085,4,0,1
92,35,875,70258.82379759905,3284.632388718083,885.45864668756,35.408880121479555,87.50937312960843,1.0168985212024906,70.2608886878846,4,0,1
93,35,935,74678.59654272498,4172.237277350396,941.1602053250887,44.97740754779738,56.98441305160601,0.6621846699546726,260.3361752480903,4,0,1
94,35,955,75119.46595424275,4186.8445591230175,946.7163990013884,45.13487645998492,40.8629446228204,0.4748459104761417,207.70695465165036,4,0,1
95,35,995,79270.46789096047,4247.631564258433,999.030690055733,45.790170423832045,843.417430993906,9.80089226629276,161.29288283428016,4,0,1
96,35,1015,80990.92171786005,4295.939758086405,1020.7132437182239,46.31094073895624,343.3361375421894,3.9897213070527404,149.4421044987669,4,0,1
97,35,1035,82305.81690209045,3998.980119465178,1037.2846186350414,43.10966674525959,149.81182209032465,1.740881175284719,441.3123102605896,4,0,1
98,35,1055,83866.04179261555,3044.3996143447253,1056.947837365723,32.81913110169457,5.40047224275247,0.0627559316339335,759.7684493451529,4,0,1
99,35,1075,84805.20527210338,3035.3361129910495,1068.7839367852253,32.72142505884622,1.8865717521405185,0.021922817594095926,773.758995982435,4,0,1
100,35,1175,94220.40206305974,3057.3541739563398,1187.4418783533015,32.95878339578074,348.27383935817215,4.04709963688462,2322.2910265708742,4,0,1
101,35,1195,94996.484273116,2896.9866834186478,1197.222695427814,31.229995337995135,408.3862184240012,4.745632687595306,1944.6862064550078,4,0,1
102,35,1235,97950.06025921265,3356.282572920119,1234.4460540634786,36.181280951419,177.94382988850052,2.067787838026459,1488.350359649542,4,0,1
103,35,1275,101519.68917941862,3464.709937786931,1279.4334111243916,37.35014586843191,28.854475793743358,0.335302067828468,2486.820730276903,4,0,1
104,35,1295,102412.60108706629,3099.2999498784784,1290.6866107457597,33.410965794130995,58.508110145548585,0.6798907197888531,2780.090228630957,4,0,1
105,35,1315,103257.33819185435,2789.3132800899007,1301.3326724527872,30.06925825099731,25.340513769583914,0.2944682387409594,1802.6148891648843,4,0,1
106,35,1335,103650.8647676654,3034.724708606386,1306.2922133391685,32.71483401851042,70.74063324190807,0.8220381744259667,300.8052830231229,4,0,1
107,35,1455,115015.8969683633,1153.146254520168,1449.523561204892,12.43110724630388,424.54218770102784,4.933372362544967,288.6444167906314,4,0,1
108,35,1475,117978.92048648123,2751.8583939247364,1486.8659852969074,29.665488386600533,301.69302141614634,3.5058094506151707,301.1022954228953,4,0,1
109,35,1495,118217.53820271486,2985.6959273994207,1489.873239171532,32.186295652322904,434.9204991377842,5.053973038508964,503.5673481337113,4,0,1
110,35,1515,120582.7246191917,2663.4550720832594,1519.6812355241402,28.712485963505294,57.27183224008978,0.6655246110064897,857.2845619494534,4,0,1
111,35,1575,125190.52350916681,2558.423483086479,1577.7524520460604,27.580228071715165,107.64559494654294,1.250890532068786,959.7489592618211,4,0,1
112,35,1595,126531.88852387355,2277.883773230439,1594.6574212220012,24.55596362442826,278.2383105625261,3.233255095243969,1466.3015642882565,4,0,1
113,35,1615,128176.88794231268,2766.6557689833335,1615.3890372685355,29.825006535834557,120.71603294781507,1.4027749371287668,1120.300014306014,4,0,1
114,35,1655,131379.42087911078,3185.5362912899695,1655.7499531921876,34.340607809975026,84.69288901435058,0.9841697010845121,1290.0216579794555,4,0,1
115,35,1675,133152.7055764323,2578.7939611869415,1678.098324306475,27.799825193010683,48.54972801710851,0.5641698124412295,1297.1051405134974,4,0,1
116,35,1715,136267.07549147328,3873.214612949516,1717.3481383682768,41.75389379516448,30.633472310067557,0.35597481249543184,1089.59129178228,4,0,1
117,35,1735,137328.53236116932,3927.072978528579,1730.7254782176576,42.33449587924493,48.079119667249,0.5587011304255456,1205.731632165544,4,0,1
118,35,1755,138810.5875625597,3794.041631144457,1749.40353916442,40.900395963497076,156.03134710345773,1.813154870801537,1119.2694307759793,4,0,1
119,35,1835,146341.5625331874,2945.7525935186886,1844.3149900725657,31.75569991019571,37.98295636582202,0.44137914349011137,1142.6568221390805,4,0,1
120,35,1855,147618.58388473527,3092.5432100100265,1860.4090482507977,33.338127021416035,36.093146421836416,0.4194186966412182,1717.9513007556307,4,0,1
121,35,1875,148349.83751540986,2606.489652782973,1869.6248992315625,28.098389326693866,152.78335552782983,1.775411738700221,1557.9214793999747,4,0,1
122,35,1895,150615.46120518772,2048.9660026069714,1898.178125400466,22.088192215510805,7.060120175057704,0.08204179173920878,930.3094765182318,4,0,1
123,35,1935,153258.17791440684,2661.2075341511404,1931.4837834579487,28.688257133064415,128.47776365356606,1.4929697607730883,1721.0752560974558,4,0,1
124,35,1975,156592.66911778372,2683.183449732311,1973.507744417491,28.92516113579122,76.33466668328697,0.8870433747908495,1002.2034527042488,4,0,1
125,55,35,-93.8719936826144,5847.226017467929,-1.1830509535360507,63.03406305279802,183.01139961241392,2.12667529172477,44.39399568335068,4,0,1
126,55,55,3235.5690952136115,5724.26488323657,40.77726436988604,61.708521699508694,297.0237470356978,3.4515503690704503,32.40147500981876,4,0,1
127,55,75,7187.097661070153,5336.893756305313,90.57763031894048,57.53259691622282,637.9633508213362,7.413422869236652,28.511535344661006,4,0,1
128,55,95,7309.137801028404,5121.952775155257,92.11567908389414,55.21549760828295,843.9546277289788,9.807134735481531,22.344534606894555,4,0,1
129,55,115,9631.292905313338,4334.016466875775,121.38135996067837,46.72141395403328,567.493948478404,6.594536520611842,43.46452871020407,4,0,1
130,55,135,9928.169810240504,4806.59204476165,125.12284335395121,51.81585680345988,134.7377781889132,1.5657139628629873,83.05070288812519,4,0,1
131,55,155,12746.30160352212,4616.3250555347395,160.63922448573442,49.76474720722288,302.30606189068254,3.5129332583822523,46.856513501591124,4,0,1
132,55,175,15560.632356492035,4448.012320527543,196.10770182652757,47.95030810065543,656.6332677712535,7.630375753920505,27.13816226982549,4,0,1
133,55,195,16922.962451320644,4617.591126978743,213.2768899356786,49.77839566667909,479.592702834247,5.5730842634346445,25.392797761531796,4,0,1
134,55,215,17839.983117616306,4661.6659693760585,224.83392767519211,50.25352975358028,472.1458512106719,5.486548477234781,45.59341061667949,4,0,1
135,55,235,19566.17170626542,4988.683845403897,246.58875545363532,53.77883651534236,514.8296543267437,5.982553587495887,42.56675539655569,4,0,1
136,55,255,20376.781380400178,5205.519735863074,256.8047156171434,56.11636325887538,517.0532181072304,6.008392404976928,37.96364297808637,4,0,1
137,55,295,23939.30115087447,5544.442891439937,301.7024774107253,59.7700109021961,248.33909050656968,2.8858126262529216,37.10514915546932,4,0,1
138,55,315,26540.742430129907,5284.287318835557,334.4879490434768,56.96549082411256,443.345422725312,5.151874463590734,29.39598990482598,4,0,1
139,55,335,26765.837928397916,5062.216375560772,337.3247849666917,54.571529345839,492.2006809304074,5.719594675094775,46.086727156205384,4,0,1
140,55,355,29892.990955903893,4384.359634130897,376.7357021732928,47.26412161909649,167.2395939724004,1.9433997721039313,58.6279629031486,4,0,1
141,55,375,29836.19984849024,4233.585318272004,376.0199746049058,45.63874957016251,1015.3388377498475,11.79869682186004,20.896041586578317,4,0,1
142,55,395,29780.736718506858,5104.641326456006,375.32098328450434,55.028877329609955,955.7706230032421,11.106487206819384,32.91961175205998,4,0,1
143,55,415,33513.59141183384,5470.524455795163,422.3654438430309,58.97315794674722,1043.6237444451845,12.127380238986552,31.265492137091396,4,0,1
144,55,435,34187.04200198531,4556.255368685099,430.852814054128,49.1171860530738,1616.8867775557278,18.78895613402547,22.379404945946202,4,0,1
145,55,455,33783.33772317332,2349.054846188162,425.7650055048613,25.323199555953803,1064.117788957539,12.36553031151884,11.580749430609174,4,0,1
146,55,475,35489.00385352654,2758.9663887977317,447.26119262911806,29.74211374632921,934.9405737903935,10.86443260759664,11.30303585138502,4,0,1
147,55,515,39825.12115055413,2937.4048949261805,501.90845750171576,31.6657103394396,629.3302832727298,7.313102717124298,22.008351131321273,4,0,1
148,55,535,41592.788836062515,5797.677482626789,524.1860384801931,62.49992165651544,1486.3985362121075,17.272623712581748,11.710399563989052,4,0,1
149,55,555,42281.009968937346,5634.460832672745,532.8595590431428,60.74041918923697,566.0660532148817,6.5779437314056235,8.731044897044653,4,0,1
150,55,595,47682.81152853624,5830.905505998094,600.9374407967032,62.8581252412665,88.48271780319719,1.0282092268308667,7.785234311514624,4,0,1
151,55,615,49385.03857426477,5636.23039954007,622.3902857889254,60.75949541258765,304.13396118913045,3.534174275510163,8.639591712245416,4,0,1
152,55,635,50102.17986233763,5472.76458556493,631.4282815892831,58.99730691597333,506.1761561755034,5.8819960225343415,8.927636023893951,4,0,1
153,55,655,52400.56166289607,5071.5834722008585,660.39435202275,54.67250819606114,747.0128624590926,8.680627548649083,11.667306482541033,4,0,1
154,55,675,53730.66021849573,5571.759000949103,677.1573321488505,60.06448307823549,769.3277362100378,8.939936481013937,21.603821430716607,4,0,1
155,55,695,55524.02726082172,5468.458243324794,699.7587972528864,58.95088383475829,113.47531402285618,1.3186345061794071,28.115004636985788,4,0,1
156,55,715,57173.57960094014,4694.980922867406,720.5477929088522,50.61267045939551,132.79531634548798,1.5431416771131417,32.10889665475357,4,0,1
157,55,775,61215.899425628246,5341.3087865077705,771.4923838937207,57.58019167163852,41.04886055049344,0.477006337698477,135.4643673914214,4,0,1
158,55,815,64070.07368996387,5439.910763122829,807.4630014604135,58.64313727909693,134.41290453201802,1.561938783936896,41.48631360705782,4,0,1
159,55,835,66882.92359736538,4796.304477195451,842.9128159850352,51.704955124494425,105.05278853888902,1.2207609481463577,31.47389794028657,4,0,1
160,55,855,68939.56722561648,4619.8550259561425,868.8323060271108,49.80280087189268,161.19269170522475,1.8731320310216175,51.34646351620328,4,0,1
161,55,895,72277.68602216321,6179.206948850835,910.9019848561717,66.61287237171307,529.5217126291991,6.153281954376768,170.72075727440074,4,0,1
162,55,915,72795.50497133065,5871.2865675357125,917.4279589783665,63.293439759894156,175.42032724461606,2.038463595204881,203.15664527875427,4,0,1
163,55,935,74800.26397486348,5429.550805090639,942.6935569239948,58.53145521894148,129.86302106192608,1.5090670788050635,1537.623303581554,4,0,1
164,55,955,76198.36735870679,5616.359463651625,960.3135890178071,60.54528343891526,367.49970371094145,4.2705128820031115,1431.0023772335908,4,0,1
165,55,975,77235.97109913536,6111.12763649519,973.3903123976999,65.87896613056606,369.8234396440526,4.2975157452340715,556.1384669388242,4,0,1
166,55,995,78102.77851239959,5684.460483046902,984.3145220215154,61.27942368553781,169.34370480389967,1.9678504922551172,773.3842943084524,4,0,1
167,55,1015,80496.36000144364,5773.87001881772,1014.4803760946056,62.243273261125054,86.94619453068049,1.010354130996718,609.6033326068009,4,0,1
168,55,1035,82274.49555636798,5861.797195967689,1036.8898816483288,63.19114276573602,121.4111344938592,1.4108523316863868,663.7584840056454,4,0,1
169,55,1055,83376.59516053756,4642.8248462854135,1050.7794341810347,50.050419332102926,110.87975209887817,1.2884729019101875,759.6898124778679,4,0,1
170,55,1075,85974.52824222237,5582.218326904828,1083.5206926643866,60.17723634103282,111.66870139918183,1.2976408498463963,927.6652847807746,4,0,1
171,55,1095,86932.74614772355,5607.94530642452,1095.5969314053184,60.45457743309215,67.0794973873115,0.7794941188200993,1319.1483712173954,4,0,1
172,55,1115,88631.99462484436,5503.349142809586,1117.0122380616292,59.32701349889697,167.45616690362638,1.9459164475824542,2095.8025301557427,4,0,1
173,55,1135,90007.06837085466,6203.948681078727,1134.3420319925017,66.879592335099,37.436887801235,0.43503357962712647,1499.302975332003,4,0,1
174,55,1155,91742.24985293855,5936.346211417598,1156.2101955033152,63.9947934757232,89.78725613169294,1.0433685526225682,1808.64588519915,4,0,1
175,55,1175,93465.83376517978,5324.950428241739,1177.9321970384121,57.40384586538768,83.01047968442688,0.9646193432374414,2285.1929557199965,4,0,1
176,55,1215,95638.83280134344,3937.617456486967,1205.3180922443692,42.448167094707145,30.649961432039348,0.35616642355547456,372.8189762721544,4,0,1
177,55,1235,98446.53880630869,4664.198627334789,1240.7030791410332,50.280832225040236,386.77818738539855,4.494537587454336,509.62538302948997,4,0,1
178,55,1295,102812.21403786246,5263.461307602517,1295.7228570630928,56.740982980345265,93.9259493158582,1.091462040533345,3129.3182066614086,4,0,1
179,55,1315,103733.5789353041,5462.12502833295,1307.3346443247801,58.88261073022457,52.65134313209859,0.61183243640721,2414.041279450988,4,0,1
180,55,1335,105287.4159097035,5904.485763784885,1326.9173573586381,63.651332583503326,15.000036012371492,0.17430720725622145,445.8544222743864,4,0,1
181,55,1355,106819.42678629707,6182.419488690095,1346.225000216524,66.64750408223402,143.3171818035096,1.6654105157746493,388.4156559283295,4,0,1
182,55,1375,108922.79444448867,5421.401768070564,1372.733344356671,58.443607252776246,35.230580541499506,0.40939529072725733,233.99758013789722,4,0,1
183,55,1395,110563.98567757597,4819.265584187642,1393.4169665646282,51.952479653490585,251.79651243373743,2.9259894338241828,220.0942936237718,4,0,1
184,55,1415,112944.84391719039,6493.144167763242,1423.4224719354133,69.9971674874531,119.12217799541352,1.3842536212268934,183.20627590239755,4,0,1
185,55,1435,114292.3793181471,6040.397016133407,1440.405205320362,65.11647835083443,374.9812336131805,4.357451645495923,183.03584998502555,4,0,1
186,55,1455,115887.09457776288,5814.749415258026,1460.503099638935,62.68395991238168,366.55550250609275,4.259540836671395,375.86043119098525,4,0,1
187,55,1475,117671.38513664839,5953.22990380828,1482.990175541594,64.17680247067892,142.73074217356168,1.6585958218608288,511.55629324887616,4,0,1
188,55,1495,118746.04532187448,5697.252739055388,1496.5339142754015,61.417326319952416,51.37614221815341,0.5970140246502623,480.80172214547173,4,0,1
189,55,1515,120217.03128309271,5571.352169333944,1515.0724716851998,60.060097366172165,217.39821850830137,2.526265690256085,562.493506068343,4,0,1
190,55,1535,121868.64077428216,4667.176976366601,1535.887393226413,50.312939319943624,136.4113801166003,1.5851619747099697,649.9755522541933,4,0,1
191,55,1555,122583.70623020141,4220.052029011926,1544.8992277073785,45.492858474798126,109.23385994351723,1.2693468901586642,628.7683218532917,4,0,1
192,55,1595,126866.41132321832,4439.034020826822,1598.873348691087,47.85352054571031,22.70824494108035,0.26388008362815557,337.67963622719464,4,0,1
193,55,1675,132898.84428791722,4928.230246282374,1674.8989585780866,53.127136723439186,68.3753069879196,0.7945520128432542,807.3485451896607,4,0,1
194,55,1695,134388.03984203568,4753.702788235848,1693.6670080376325,51.245701875173616,190.82096774070095,2.217426007869464,863.842873908017,4,0,1
195,55,1715,136659.35121797022,4741.456206749257,1722.2919150377095,51.11368170230859,7.4201016621459175,0.08622493954142314,1001.3899031338406,4,0,1
196,55,1735,137328.25418901024,4849.758885331736,1730.7219724666331,52.28120248056493,9.133933689494967,0.10614044335402043,958.7608831652786,4,0,1
197,55,1755,138854.06488509392,5158.0342323392215,1749.9514756240974,55.60446168122565,149.53370476355448,1.7376493260758978,843.2410260982966,4,0,1
198,55,1775,140555.06885625725,4687.519564245604,1771.3889064392702,50.532235780041376,24.61214809467191,0.28600429995104626,954.0052805125034,4,0,1
199,55,1795,142735.6158604626,5323.008281338731,1798.8699272565907,57.38290920072373,186.15488589988678,2.1632040250801903,848.6438442576373,4,0,1
200,55,1815,143293.16116232442,5359.8442813541915,1805.8965650761445,57.7800073701208,307.10757934745965,3.568729064325154,719.3110105971285,4,0,1
201,55,1835,145367.73549827145,4258.095776494613,1832.0420324305692,45.90297636154041,573.6377803614273,6.665930627699203,421.77169569661413,4,0,1
202,55,1875,148179.66751626,3882.7604145106666,1867.480278968802,41.85679911397678,98.98381747910813,1.150236757705965,670.8017082402923,4,0,1
203,55,1915,151743.7505936237,4562.277913035472,1912.3977428229625,49.18211007673658,296.37419650714054,3.4440022979517386,291.707188468909,4,0,1
204,55,1935,152792.58769162136,4261.2688974748935,1925.6160380802828,45.937183130245366,214.19265839733796,2.4890156309780185,428.1931511922864,4,0,1
205,55,1975,157151.42325670412,4594.563330916965,1980.5496169814953,49.53015221848865,196.08389371422646,2.278583589603591,354.4860627706207,4,0,1
206,75,35,6164.530238993118,6266.408714834608,77.6904068107943,67.55292182403726,320.46494414004695,3.7239476885590013,47.440455734418514,4,0,1
207,75,55,7833.54438547173,6513.24059953203,98.72467592552786,70.21381034399151,365.2482897528166,4.244350432853341,40.14913452975146,4,0,1
208,75,75,7268.632494186781,6675.646357973288,91.60519837498033,71.9645712667165,443.3161467035333,5.151534262967775,27.466340572918842,4,0,1
209,75,95,6977.344331004583,6439.754796079803,87.93414883520384,69.42162123509522,632.6242627972505,7.351380250005207,21.552798461054426,4,0,1
210,75,115,8273.506115216487,5944.912183104001,104.26943026039083,64.08713606651345,417.5321359113679,4.851912388104284,24.927006047038358,4,0,1
211,75,135,11167.181967477307,5709.279976440524,140.7378788566353,61.54698192714475,61.99424450299768,0.7204011787948007,55.723736103933625,4,0,1
212,75,175,13846.679426980028,7071.589362090044,174.50707774230057,76.23290230304912,381.1409409089509,4.429030232064379,33.06005451984124,4,0,1
213,75,195,14112.050072639166,7503.613637474863,177.8514937184754,80.89019540812028,746.9414422651142,8.67979761367134,27.84580886468126,4,0,1
214,75,215,16326.342253969207,6302.550425932373,205.75779861050728,67.9425354441311,445.06692487105465,5.171879097650446,22.143257702332846,4,0,1
215,75,235,18084.883530909487,6213.02388437041,227.92036119068194,66.97742452677349,347.50786065377645,4.038198617669011,41.114365540144064,4,0,1
216,75,255,19791.108556442112,6491.058055910893,249.42359196500917,69.97467885683692,479.68806513808846,5.574192416564838,26.604165886690506,4,0,1
217,75,275,21486.032794439776,7497.837011953019,270.7844010548226,80.82792243008102,272.0481441073581,3.16132255945795,28.322441707846735,4,0,1
218,75,295,23973.6377075735,7283.991911205082,302.1352145301826,78.52263689403216,6.643986369599051,0.07720612858382854,48.37312522869335,4,0,1
219,75,315,25591.911762979114,7070.131004080314,322.53001588918306,76.21718096262816,408.0017343473571,4.741164808612946,36.1375082083555,4,0,1
220,75,335,26920.53734363235,6285.246747890363,339.27443239107004,67.7559989344277,915.7020607516295,10.640872379022284,37.565053593554126,4,0,1
221,75,355,28994.9315975195,6750.877955459761,365.4176302054082,72.7755803238931,813.7628210689345,9.456292277730652,24.980560261849945,4,0,1
222,75,375,29068.91673991536,6487.42816668426,366.3500509394864,69.93554805092951,955.0085666386778,11.097631766967808,29.037405175302826,4,0,1
223,75,395,29139.664186669168,5183.704879401235,367.2416676087277,55.881195500079095,1339.3788618691278,15.564188557805585,26.690587143716126,4,0,1
224,75,415,33195.442828694475,4375.117565110531,418.3558775188965,47.16449058728283,505.52099284040185,5.874382728063312,18.501496244949937,4,0,1
225,75,435,33126.732023466124,4856.983127330099,417.48992825698485,52.359081003521474,570.197704093626,6.625955384540167,11.954089667359911,4,0,1
226,75,455,34708.87091760333,2993.150823405667,437.42932502386265,32.26666066361304,275.3923241220797,3.200183444754987,11.123985086319907,4,0,1
227,75,475,35639.61958763908,3895.8636341142715,449.1593741939181,41.998053987351064,206.72587686758325,2.4022482502483697,7.9448988547327435,4,0,1
228,75,495,40229.9952879493,5332.879048890643,507.0110095570915,57.48931770663543,396.7579046955709,4.610506419269673,13.737001148638152,4,0,1
229,75,515,41296.22391372394,5966.716602726969,520.4484869443831,64.32219131446143,568.4817492167124,6.606015212254859,9.13689587232406,4,0,1
230,75,535,41718.8387778879,6758.514778338256,525.7746220184727,72.85790653693977,29.317357440668037,0.3406809620590589,12.068097561519034,4,0,1
231,75,555,44113.46052400232,6976.359080307624,555.9535862543576,75.20630412324962,178.91740314273974,2.0791011998654456,8.414043273350424,4,0,1
232,75,575,45118.86454706748,7601.844144278646,568.624502696143,81.94913650960676,861.7593714427145,10.014033915596457,6.933816380226912,4,0,1
233,75,595,47105.79149473192,7068.0305869626,593.6653666197165,76.1945381188866,974.4522093603935,11.323575695296697,6.3968996596475725,4,0,1
234,75,615,48993.323987218784,6846.556924911927,617.4535810536923,73.80701543094344,330.62958105478486,3.842065369871244,12.75423189007035,4,0,1
235,75,635,50772.847184647835,7653.858791873513,639.8805748030311,82.50986300903901,1207.8320917746573,14.035555553202668,8.96604964399308,4,0,1
236,75,655,51969.99217576723,7395.705524248008,654.9679663423354,79.72692810962178,527.1687466619904,6.125939424920517,17.863726168993068,4,0,1
237,75,675,53568.95076235247,7147.505184528493,675.1193385068607,77.05128741831484,292.904663236835,3.403684751091803,14.892171958595302,4,0,1
238,75,695,54499.4380087617,6690.599956903983,686.8460930044745,72.12577353511656,178.63388076306126,2.0758065414955835,29.51288060350084,4,0,1
239,75,715,55997.4326149664,7106.198075603328,705.7250352505956,76.60598995576777,369.55810945541674,4.294432488357638,35.98353423205793,4,0,1
240,75,735,58086.866744307204,7090.232431537313,732.0577777661647,76.43387767351132,321.23976750187853,3.7329514866969755,51.12966120713979,4,0,1
241,75,775,61409.644991151596,5988.732894128685,773.9341225533975,64.55953057520811,107.82406489677003,1.2529644336632608,70.97776201520266,4,0,1
242,75,855,69998.03059868894,7687.475824871908,882.1719194056245,82.87226018187592,266.99179991594053,3.102565551527749,33.74645975613297,4,0,1
243,75,875,69684.20324705161,8268.535624363063,878.2168127435083,89.1361808733549,628.7967700228404,7.306903051700447,114.82231346324475,4,0,1
244,75,895,71443.45793251999,7756.716090453267,900.3883662762165,83.61868169070924,279.74906847179756,3.250810785896189,443.3294189625182,4,0,1
245,75,915,72242.50524055681,7689.494983919408,910.4586081301344,82.89402705018809,254.44196087500745,2.956730742002229,1162.8355252105014,4,0,1
246,75,935,74371.26051564858,7414.167239235525,937.2869075967158,79.92594844902878,132.72406086459847,1.5423136561760382,1157.556710996636,4,0,1
247,75,955,75274.69558195827,7155.801895898151,948.6727285932237,77.1407273383801,319.5310044139933,3.713094886255074,1464.4868258755655,4,0,1
248,75,975,77264.18800682697,7217.866820825257,973.7459247400058,77.8097974888301,151.63139075609558,1.7620253866906035,1960.074344366,4,0,1
249,75,995,78896.09762618477,7122.923852831675,994.3125725284127,76.78629659916912,5.9599233165393795,0.06925700631054511,1811.3415253794985,4,0,1
250,75,1015,79859.33999673149,6545.844229716298,1006.452133650493,70.56528286697007,24.502301470571712,0.2847278324640591,1563.6846620140288,4,0,1
251,75,1055,84396.7760712262,7595.398990035715,1063.6365809382469,81.87965668144204,490.6001655928225,5.70099596250268,800.4369909311596,4,0,1
252,75,1075,85768.30225431087,7509.865650956423,1080.921665605608,80.95759314694999,40.04162628567707,0.46530181968211276,1900.3671572899323,4,0,1
253,75,1095,86681.6014254181,7289.760099463321,1092.4318020462515,78.58481891697501,47.22997119455701,0.5488336408609371,2630.3380586655367,4,0,1
254,75,1115,88381.80931713134,6768.558931094255,1113.8592000229216,72.96618416401321,248.35979175626585,2.886053184143468,2250.8877958268718,4,0,1
255,75,1135,90073.06741815794,6517.28245760842,1135.1738054829914,70.25738224220044,51.9544725062355,0.6037344843414345,1392.606504830898,4,0,1
256,75,1155,91521.46603729702,6236.316031277002,1153.4276988994488,67.22851772076994,74.63781162917373,0.867325151090777,1244.7979740206897,4,0,1
257,75,1175,93138.12352453807,5955.853261618034,1173.8021269561093,64.20508270152617,175.76922867200406,2.0425179876987096,1080.5843368710996,4,0,1
258,75,1195,93879.55615667903,6329.06710988889,1183.1462619640733,68.22838968056267,141.19867254450247,1.6407924793793087,908.1690688736485,4,0,1
259,75,1235,98277.10781389933,7639.600487920999,1238.5677724402278,82.35615613544051,190.97263769790447,2.219188481415728,466.2198035314013,4,0,1
260,75,1255,99627.9984904922,6707.96741219501,1255.592791728405,72.31299757410717,170.31116504580066,1.9790928181240754,1217.4253862199714,4,0,1
261,75,1275,100272.83120209939,6516.088259875155,1263.7194962374988,70.24450859322718,126.7937724816901,1.4734010212066142,1953.187319294047,4,0,1
262,75,1295,102333.70609454396,6039.343902024779,1289.692312100646,65.10512560665681,106.51793280086184,1.2377865875729117,1514.1797938932361,4,0,1
263,75,1315,104792.1662430629,5868.072947373845,1320.6758196286678,63.25879640331691,65.46631869195936,0.7607482522795022,830.1425278347723,4,0,1
264,75,1355,107807.12853311404,7539.818977001639,1358.6728182242227,81.28049495319704,167.29109145608257,1.9439981961713109,530.94240139801,4,0,1
265,75,1395,110877.87169986316,7956.2393742883905,1397.37281264183,85.76957567294848,202.6696355662399,2.3551128905324754,473.47851594769617,4,0,1
266,75,1435,113657.76568442458,7475.356907130336,1432.4072899139755,80.58558318398495,42.12051983178733,0.4894595035641111,1462.3515028875245,4,0,1
267,75,1455,115276.05126866077,7149.0701839804415,1452.8022365686436,77.06815837111144,59.451955727334024,0.6908586326196259,735.9507872145274,4,0,1
268,75,1475,116603.0892522709,6414.419729920017,1469.5266448857462,69.14850503384149,865.9715374426365,10.062981190879029,300.3809746354584,4,0,1
269,75,1495,118507.98313693822,6044.302851782794,1493.5336616564791,65.15858390479487,43.515961048519586,0.5056751620584116,314.554563169071,4,0,1
270,75,1515,119836.37804999985,6066.420645565429,1510.2751710984062,65.39701737798684,308.44513532993517,3.5842720701993978,344.76999112515955,4,0,1
271,75,1535,121506.56067317924,6219.368815940759,1531.3241663036467,67.04582393796031,127.33953942051055,1.4797430800416802,330.8877548219478,4,0,1
272,75,1555,123087.3576538186,6687.327301945037,1551.2466511889195,72.09049377366799,347.2753646514082,4.0354969088972705,232.76711001602894,4,0,1
273,75,1575,125105.76924984498,6486.475695537065,1576.6843101714353,69.92528025451307,86.9658818105365,1.0105829060988138,213.12852733994296,4,0,1
274,75,1635,129793.78696811732,6953.369379851471,1635.7665093899566,74.95847135198528,1.0966935934479327,0.012744075903020222,1155.2664357272438,4,0,1
275,75,1675,132725.19775951764,6951.043357561105,1672.7105242757757,74.93339644718851,158.64807582238544,1.8435624428078476,787.7457227526164,4,0,1
276,75,1695,134129.80373883096,7361.353462077927,1690.4125073484631,79.35660720080898,75.33502743810465,0.8754271143400254,754.7050149871975,4,0,1
277,75,1715,136534.2910597037,6660.659651711951,1720.7158055541206,71.80301209581927,59.11185372170009,0.686906493389067,578.3296158201508,4,0,1
278,75,1735,137627.4407268884,5845.089646037512,1734.4925637264569,63.01103261562203,45.538409509735516,0.5291769285077347,444.9102524986232,4,0,1
279,75,1755,139674.03174665308,6311.808068772621,1760.285362648116,68.04233436429753,198.87145866988212,2.310976355998612,177.70762941014826,4,0,1
280,75,1775,140559.0757472084,6324.525877926284,1771.4394045268734,68.1794344493106,395.61720124274404,4.597250928882464,153.13679276393916,4,0,1
281,75,1795,140925.5462128392,6225.594261642617,1776.057962382086,67.11293527173301,392.59694017525527,4.562154128353154,127.12008064877696,4,0,1
282,75,1815,144841.9417986302,6468.097741892116,1825.4155540388672,69.72716287622524,731.5239640418864,8.500639538996852,116.44302307308327,4,0,1
283,75,1835,145280.6186890588,6419.729738128701,1830.9441157872252,69.20574780011,1073.226135319408,12.471373418545404,115.55741288603278,4,0,1
284,75,1855,145754.45449459087,6394.240970885608,1836.9157786822261,68.93097467577044,875.5082457690613,10.173802057803963,81.09278873167628,4,0,1
285,75,1875,148944.40626262114,6086.320609507672,1877.1181365192383,65.6115422788777,887.0174481618662,10.307544198501617,25.163882356909017,4,0,1
286,75,1895,149661.0144967765,6111.349664535741,1886.1494143420541,65.88135962954588,571.5891558549198,6.6421246837567045,50.68386193470013,4,0,1
287,75,1915,152394.57745902153,6371.152241200959,1920.5999905167641,68.68207435305273,168.07075937847114,1.9530582902955334,63.87808452446608,4,0,1
288,75,1935,153278.27316395243,6511.272834065474,1931.7370400811842,70.1925975069776,28.00260941607185,0.3254029949779143,96.32900257761858,4,0,1
289,95,15,2898.4301686212834,7632.039468498789,36.52836634469108,82.2746470961834,0.8964850685338542,0.010417562232127819,28.55899158042614,4,0,1
290,95,35,1109.9480140785863,8596.131309307899,13.988464556008628,92.6677165107578,122.02688107016984,1.4180075855808287,20.245878754980705,4,0,1
291,95,55,4391.044142353161,8165.220139789706,55.339497499049145,88.0224228709325,194.35893665516434,2.2585388078874646,25.71413586313087,4,0,1
292,95,75,6915.3870028249385,7891.1390646072,87.15331236517743,85.06778357308062,488.93812269580604,5.681682271823535,21.606465559874987,4,0,1
293,95,95,6840.249788648643,8866.794393482365,86.20637228869568,95.58550930052687,415.67826885110895,4.8303696138315075,19.79944131057977,4,0,1
294,95,135,10105.140547775465,8600.431840943427,127.35317203426654,92.71407695269464,1576.0786707587042,18.314747463903867,17.260558592345408,4,0,1
295,95,155,12348.464333097965,8977.033267588062,155.62535673175012,96.77390258658922,964.8269965513757,11.211726366228223,25.864153357663074,4,0,1
296,95,175,13776.902987304517,8176.863145061044,173.62769849132218,88.14793639242203,934.8592523030812,10.86348761510918,17.390428079943163,4,0,1
297,95,195,15500.742512149442,8312.346839211843,195.3529214636412,89.60847301170354,837.3866491522738,9.730811851851124,15.544904776504286,4,0,1
298,95,215,16136.627565778765,8600.165750381877,203.36686033425903,92.71120845245463,709.8766554431107,8.249088015830234,23.340064413410236,4,0,1
299,95,235,18482.040165638853,9277.471151719172,232.9256510219425,100.01267264185901,219.01288275235967,2.5450288195449855,33.80204706364406,4,0,1
300,95,255,20142.224585719534,8283.529383415711,253.84864076756142,89.29781607450835,895.9206320408927,10.411003224624071,32.80485366285918,4,0,1
301,95,275,22272.650595224808,8604.747033788728,280.697996183457,92.76059544489642,344.7778559826448,4.006474727831084,40.39563514359947,4,0,1
302,95,295,23746.3894745493,8056.046092053668,299.27124809864347,86.8455085891578,743.4976066082783,8.639778684710278,21.629474626969255,4,0,1
303,95,315,24727.615368631996,7591.277021813294,311.63745216109953,81.8352211826162,521.4662732663159,6.059674103208414,18.08315933382283,4,0,1
304,95,335,27381.517113235022,6984.856106150475,345.08407310066406,75.2979034664492,1101.6821739055517,12.80204546569483,30.760674033906824,4,0,1
305,95,355,28753.65673685845,6925.559730126356,362.3768888429267,74.65867873083255,673.0289204413488,7.82090065837475,20.491958367481192,4,0,1
306,95,375,31599.020804249478,4981.538777402647,398.23647316650556,53.701811501162666,549.0668153095855,6.380404893344673,21.2104870641955,4,0,1
307,95,395,31445.226453745934,5556.381474208287,396.2982321014777,59.89871079796429,1923.8376612908405,22.355864324417055,18.967335187324856,4,0,1
308,95,415,30803.56644012541,5764.652698594264,388.211512504083,62.14390902543321,32.565084018864766,0.3784210147702908,16.570519910834193,4,0,1
309,95,435,33732.62871895301,6542.487783837884,425.1259295308436,70.52909982555843,764.5478663718101,8.884392230195969,12.578119665296917,4,0,1
310,95,475,37872.56862831491,7869.6548414617755,477.3008079499822,84.83618009609111,1222.4730736933327,14.205690389387614,9.157498007940394,4,0,1
311,95,495,38323.87737989108,8293.10110604735,482.98856665143853,89.40100082674543,150.99031277133574,1.7545757703653644,6.952220353069272,4,0,1
312,95,535,42876.203729197354,8077.790991470121,540.360673251871,87.07992219944049,921.6595108253697,10.71010064513215,5.892753425729172,4,0,1
313,95,555,44120.7948026773,8634.380742027155,556.0460187791133,93.0800517183514,592.1925866772606,6.881545874717644,5.015370018924868,4,0,1
314,95,575,46079.35610415511,9132.364521868569,580.7293958373047,98.44839918499976,743.7224539227503,8.642391512266983,8.697118231467586,4,0,1
315,95,595,47373.10854126061,9615.44208414363,597.0343127173296,103.65605516218811,653.7217509208099,7.596542610409269,9.153930309946904,4,0,1
316,95,615,49231.47390368468,8873.123433416746,620.454939336463,95.65373739725096,1379.457361219646,16.029918859189348,8.043378911427487,4,0,1
317,95,635,51402.546854827044,8250.168642187586,647.8165604577687,88.93818176932164,183.59129044470066,2.1334138856458793,19.601690528346367,4,0,1
318,95,655,51399.103032168656,9656.50014696518,647.7731586131931,104.09866786656927,259.1070276306394,3.010940929042272,30.429531705606497,4,0,1
319,95,675,51583.807608562965,9612.84741287899,650.1009553995762,103.62808417703926,628.427785784498,7.302615287854149,27.201429781135598,4,0,1
320,95,695,53878.63692899949,9452.454371400265,679.0222545990384,101.89902067588558,16.818832276892184,0.19544244301000066,34.30062186718212,4,0,1
321,95,775,61244.53277921073,11028.514703311977,771.8532446246988,118.88921158691814,1545.0738112500899,17.954456964077018,51.15785339376817,4,0,1
322,95,795,62025.263855306875,10982.576433766688,781.6926504772438,118.39398944732515,1356.9345704900718,15.768193837432703,31.64894376386037,4,0,1
323,95,815,65129.95532263142,10969.17763407049,820.8204888959328,118.24954817169139,1109.2966814852637,12.890529489983587,20.178830504382795,4,0,1
324,95,835,67284.98005195758,10180.249538364817,847.979857317819,109.74477288503847,610.4528225768802,7.093738080181509,30.444978147970705,4,0,1
325,95,855,68566.72205707458,9292.721837011813,864.1334089987153,100.17707755035117,491.6694883709967,5.713421977144597,161.48634834458377,4,0,1
326,95,875,70032.86370256987,9272.351204496712,882.6109144151508,99.95747876444032,178.99256946143643,2.0799746665078556,714.9040654191052,4,0,1
327,95,895,70615.1478221797,8981.232490942028,889.9493308683309,96.8191709085039,358.09134487151437,4.161183494206153,673.6195287274987,4,0,1
328,95,915,72601.45970987753,8028.061129481709,914.9824433076602,86.54382606653574,210.82665642404538,2.449901164646094,771.2456450396438,4,0,1
329,95,935,74732.20405293387,7902.6978553054105,941.8358106209957,85.19238924755061,110.03712375603301,1.2786811792053128,787.3836305293328,4,0,1
330,95,955,75661.51234676215,7955.22125996044,953.5477070025693,85.75860023219225,145.68044077864764,1.6928726546415,795.0029029918043,4,0,1
331,95,975,77426.48150347173,8483.886088895026,975.791278933797,91.45769447984199,194.7169950462905,2.2626996084442355,1167.6637743298231,4,0,1
332,95,995,79216.75834162891,8397.570657929846,998.353798780093,90.52719986553518,95.7464624304188,1.1126172268616086,1581.3292009147115,4,0,1
333,95,1015,80000.49367092544,8826.246759647442,1008.2310666666051,95.14839910499879,110.00790492783803,1.2783416431976813,1055.7574703856494,4,0,1
334,95,1035,81817.44302046072,9245.029330373089,1031.1297351210337,99.66294444490416,30.72279484624518,0.35701278079186277,792.651607096213,4,0,1
335,95,1075,85458.1278750633,8328.004993193787,1077.0125966625114,89.77727050002359,29.540947527830376,0.3432791800654223,1607.1339403231327,4,0,1
336,95,1115,88245.41922667317,7943.197197969791,1112.1403015502317,85.6289788562774,209.46655202361325,2.4340961359501168,430.94609977435493,4,0,1
337,95,1135,88966.05118301875,7548.063883447376,1121.222289581568,81.36937640761874,476.3802640516345,5.535754270878831,290.409457498355,4,0,1
338,95,1175,93453.33196281875,7902.19143705553,1177.7746391915623,85.18692997510266,109.23838929418054,1.2693995232632884,229.32272155397214,4,0,1
339,95,1195,94809.11378377845,8113.304445279407,1194.86130064563,87.4627631021095,79.03371162188775,0.9184074985248538,386.4625354500637,4,0,1
340,95,1215,96779.58748025824,9276.139379229708,1219.694807361381,99.99831591427194,44.03095755832576,0.5116596545820947,738.4555492720502,4,0,1
341,95,1255,98995.26232776346,8270.10056912569,1247.6185377332902,89.15305123659158,114.74767074525637,1.3334198671433635,373.19384846000446,4,0,1
342,95,1275,99903.53977549721,8319.898127782542,1259.0653863455586,89.6898771507728,149.81373385930237,1.7409033909054783,368.88536850408747,4,0,1
343,95,1315,103793.65662355094,8326.02608371969,1308.091792048807,89.75593752876621,180.01512717547203,2.0918572499393115,257.1539326296925,4,0,1
344,95,1375,108810.27667345552,9151.404691792886,1371.3153042033896,98.65365536424784,67.14693925801805,0.7802778238808936,1261.3021255057056,4,0,1
345,95,1395,109738.99317082945,8420.784960887846,1383.0197422863573,90.7774538888977,365.5388849666031,4.247727280756597,1021.1863944524356,4,0,1
346,95,1455,115091.70192464483,7636.546273512014,1450.478916708631,82.32323119923015,256.38983474247385,2.979365917920834,289.72452325219956,4,0,1
347,95,1475,116057.23994731644,7199.049060103238,1462.6474094995592,77.60693891754849,391.72595247814536,4.552032857116703,60.70630238184738,4,0,1
348,95,1555,123159.33609689631,9577.838440625317,1552.1537818716345,103.25068166893385,45.68795151949184,0.5309146743415852,204.46060010466246,4,0,1
349,95,1595,126810.41446307521,8832.666346569833,1598.1676308705908,95.21760331322163,24.87626171582377,0.28907341976271467,484.9666624984251,4,0,1
350,95,1615,127502.57406987585,9177.24916264373,1606.890787274334,98.93226303227907,70.89978211649074,0.8238875563770232,621.7675247348267,4,0,1
351,95,1655,130822.81469498837,8215.716953468142,1648.7351508955999,88.5667868698378,32.8659128275146,0.3819167816774316,211.72692152817484,4,0,1
352,95,1675,133057.453423746,7898.806093357411,1676.897879470469,85.1504354104176,352.57573631728144,4.0970896265238395,152.3774797217064,4,0,1
353,95,1695,134091.5984632124,7869.146150210816,1689.9310134973423,84.8306963203158,74.48843185881782,0.8655892905521864,158.68617784172557,4,0,1
354,95,1715,135830.6501467029,7600.647589463803,1711.8479524233228,81.93623745090447,303.9527221627101,3.5320681959970797,59.29381553925116,4,0,1
355,95,1775,140837.41740888765,9201.396982877663,1774.9472917607568,99.19258052619261,101.19134351412151,1.1758892093261626,79.69798521995041,4,0,1
356,95,1795,142798.18277509554,9829.175587518208,1799.6584462292099,105.96013766010441,283.1017132887097,3.2897700360257227,67.9990736093538,4,0,1
357,95,1835,145565.4941691827,9112.548669544152,1834.5343474972183,98.23478102125327,214.62287565137737,2.494014950179866,128.18798090845848,4,0,1
358,95,1855,147024.46350461425,9930.650756374202,1852.9214616486229,107.05405675487746,444.5364492562213,5.165714730920735,53.88817916389876,4,0,1
359,95,1875,148823.27662271223,9208.569268191375,1875.591562613924,99.26989894749985,981.6980750163382,11.407775933589445,73.03428742352915,4,0,1
360,95,1895,151377.82615475473,10234.38701690722,1907.7860664395914,110.3283838530029,124.97505870093816,1.4522667439515589,84.1121352110751,4,0,1
361,95,1915,152080.5828650346,9659.422356217046,1916.6427761309978,104.1301697653646,131.5604020372133,1.5287914139472016,112.97659681979361,4,0,1
362,95,1935,152707.6231534297,9462.106059474883,1924.5452461008963,102.00306746881678,911.409114972987,10.59098640615126,117.60046700790961,4,0,1
363,95,1955,155521.7724755417,9380.588232085716,1960.0114369029566,101.12429181413447,27.749268788290202,0.32245906222490384,145.1621620639766,4,0,1
364,95,1975,156862.55235064632,8983.35400106003,1976.9090316753393,96.84204113827539,50.25077185430391,0.5839367116964975,413.6241010103691,4,0,1
365,115,15,2468.8329470652975,10913.9149245639,31.114233943107973,117.65380702792503,0.7394766585180071,0.008593053448080224,35.33862131986281,4,0,1
366,115,35,1078.9040333005923,11568.533605073635,13.597223147147801,124.7107046165458,220.91973854775796,2.5671873469019917,18.55625146740641,4,0,1
367,115,75,6391.529422392265,10261.431682986744,80.55123451708818,110.6199298239994,481.7849640815231,5.59855933131272,10.288769648667396,4,0,1
368,115,95,7128.4321501386285,10611.393046311261,89.83827999809955,114.39257117152736,300.6758719079679,3.4939897129834483,18.473147254061637,4,0,1
369,115,115,8719.92446047117,10598.43656976807,109.89555609740233,114.2528982126019,291.6700033348818,3.3893374442424595,15.014704769162899,4,0,1
370,115,135,10462.112151108633,10529.339078996598,131.8520175273799,113.50801583982077,77.70269357419443,0.9029404664117509,11.325573514963516,4,0,1
371,115,155,12511.743863860014,10534.834299144628,157.68313772673005,113.56725522141217,76.25863310096686,0.886159830152625,9.837745600524677,4,0,1
372,115,175,15173.578306198493,9643.478447357238,191.22973295310658,103.95829179222402,231.8537995319875,2.6942460841315796,12.80620375631411,4,0,1
373,115,195,16721.040344476336,9960.555165875829,210.73210387467466,107.37643123269841,834.6904110252498,9.699480344537962,22.57014678654029,4,0,1
374,115,215,17226.498242703085,9779.943164833003,217.1022940135066,105.42940400511819,732.318293355996,8.5098700051284,22.426866311074434,4,0,1
375,115,235,18868.960480223395,11211.147110193719,237.80193444955748,120.8580191234281,347.75621387276345,4.041084594474601,22.066786748177545,4,0,1
376,115,275,23517.034459671017,10515.17519063577,296.3807302945001,113.35532678190818,897.5844187899403,10.43033717965306,25.739032826934345,4,0,1
377,115,295,23970.579231769152,10033.195498898105,302.09666913900946,108.15950603059808,949.9317654265833,11.038637039198798,21.902291212818696,4,0,1
378,115,335,27661.089545385476,8611.972888560616,348.6074715016425,92.83849135381818,218.67871567931107,2.54114564691713,27.062969186956465,4,0,1
379,115,375,30173.624516343527,9732.408513865306,380.27247377308265,104.91697260989943,955.0411432714858,11.098010322184734,14.937767651770503,4,0,1
380,115,395,29445.518094203348,9818.374657815042,371.0962864652787,105.84370185244035,1342.374466040298,15.598998834040328,13.944012567522371,4,0,1
381,115,415,31607.100215182374,9513.058087502188,398.338296451952,102.55233875365278,560.1472381644173,6.5091644217518585,13.79590496983188,4,0,1
382,115,455,36346.42797864693,10106.244754432057,458.06714645000034,108.94698908077117,874.6645694330263,10.163998156943915,6.714602911334678,4,0,1
383,115,475,38298.33562015126,10005.809039976217,482.66666869199656,107.86427547626033,346.2088729962453,4.023103793186069,10.611825630621507,4,0,1
384,115,495,39527.695016712576,11887.967191384181,498.1600522804793,128.15425148142305,649.4046594117541,7.546376053222845,6.003194936057706,4,0,1
385,115,515,40492.28007577473,11195.286917920712,510.31653505156436,120.68704362893213,779.5539923191928,9.058770205253234,3.3484850300382667,4,0,1
386,115,535,42915.47855757352,11699.156197929178,540.855646473783,126.11883776029278,570.7505989387226,6.632380272872147,6.362160405991099,4,0,1
387,115,555,44511.71354999575,11069.14084447419,560.9726936970219,119.32716810441217,302.09951518704526,3.510533092206031,12.270829895701866,4,0,1
388,115,575,45748.48298043997,11237.068373849486,576.5594645387948,121.13745463059075,178.33362330391753,2.072317413928288,8.474523290588161,4,0,1
389,115,595,47182.638597611935,11798.32952031269,594.6338560996146,127.1879425695823,1024.6827102887253,11.907276849659079,17.525658915734365,4,0,1
390,115,695,55842.32320395534,12108.304127523841,703.770220727113,130.5295200761373,710.0378870284596,8.250961599822999,36.5754855338498,4,0,1
391,115,715,56424.11411919372,11913.198993570119,711.1024214190309,128.42625447996846,749.7519190783447,8.712456626220945,43.45558835906396,4,0,1
392,115,735,58545.99484527923,11388.398722785832,737.8440822467816,122.76882080801556,559.8285616366696,6.505461256271189,66.92641837613427,4,0,1
393,115,755,59870.10493227578,11401.079821986757,754.5315908375158,122.90552515366971,574.5197264028967,6.676179239856695,94.65787395875645,4,0,1
394,115,775,62746.40103735906,11115.067738250618,790.781005772452,119.82226761133634,338.6563125269558,3.9353396223567576,130.62756022812576,4,0,1
395,115,795,63575.63375093856,11220.824495360412,801.2316685741861,120.96234293525976,270.77110087811354,3.146482739163419,236.53044391692848,4,0,1
396,115,815,65166.20123927631,11480.964707012234,821.2772893170842,123.76669741973545,251.18732461032394,2.9189103956067997,213.30085071613286,4,0,1
397,115,835,66357.09270118178,11324.085502114573,836.2858688123564,122.07551365778568,305.7065357270765,3.552448303364866,166.95292988178346,4,0,1
398,115,855,68540.68047053291,10360.523989480469,863.8052118167753,111.68816126860456,346.9856827056953,4.03213067358236,270.0641495088384,4,0,1
399,115,875,69238.05528561484,10235.605398623604,872.5940945025333,110.34151820931196,321.9875209085867,3.741640719704958,465.26977107732364,4,0,1
400,115,895,69714.75147485417,10390.40646258267,878.6018062715339,112.01029926841346,339.24620259354407,3.942194411905955,326.1393881165287,4,0,1
401,115,915,72495.2590287457,8968.910119532044,913.6440162417135,96.68633370773613,220.4156677525327,2.561329816126554,237.9940474754088,4,0,1
402,115,955,76870.79977257221,9368.335909831225,968.7881273460515,100.99220975484249,154.6788418682207,1.7974381478443957,352.67185092677306,4,0,1
403,115,975,77638.81360508245,10048.771982070959,978.467260186802,108.32742309409544,481.7948841431245,5.5986746069182,368.7749592412984,4,0,1
404,115,995,79597.0282688616,9692.839787080082,1003.1462686357432,104.4904151941868,276.6077641826828,3.2143074083492293,536.1567165540134,4,0,1
405,115,1015,80587.00818048707,10046.298936587144,1015.6227979229545,108.3007632549694,43.1527915633145,0.5014549682752387,1093.146730877154,4,0,1
406,115,1155,91545.71794765738,10963.933580592504,1153.7333411315067,118.19301640832256,57.381378363117875,0.6667975865350169,136.89505803759423,4,0,1
407,115,1175,94288.6481429946,10841.266676511514,1188.3019707703754,116.87064690469236,83.46894575057338,0.9699469264209638,104.15141598316501,4,0,1
408,115,1255,98938.25644723504,10768.095967281844,1246.900103420024,116.08185456360235,26.96422893536353,0.31333654383657306,694.1588310309754,4,0,1
409,115,1295,101973.29197020692,10548.151242202552,1285.150081167462,113.7108140689539,129.92510962661763,1.5097885760271372,116.0977754324407,4,0,1
410,115,1315,104904.5675963488,11016.075146809324,1322.0923925911345,118.75511111147993,3.7303086198572775,0.043347874444758266,177.52935455207668,4,0,1
411,115,1335,105573.35742007264,10980.592179123581,1330.5210240458666,118.37259885426226,65.90984765173012,0.765902259526627,228.79634140496833,4,0,1
412,115,1355,108049.90096208233,9595.348148423329,1361.7324331563855,103.43943921346501,39.00951431537696,0.4533082114687492,337.3196413032464,4,0,1
413,115,1375,109574.04010808622,10075.988396494571,1380.9408700848478,108.62082054063231,52.56165010745435,0.6107901628671194,1299.233885339112,4,0,1
414,115,1395,110267.91193363379,10812.831178508564,1389.6856052571006,116.56410753564779,134.29718122085632,1.560594026686553,656.352448274374,4,0,1
415,115,1415,112334.51562250163,10775.097454388302,1415.730620056323,116.15733175200133,368.3013994855998,4.279828949740186,405.2444659575667,4,0,1
416,115,1435,113302.04168323449,10885.401479313394,1427.924167714329,117.3464273746666,376.18993494350485,4.371497301994476,161.9600375629723,4,0,1
417,115,1455,114351.0317002822,11223.99383893495,1441.1443901814687,120.99650898290638,533.9083037005839,6.20425612793192,143.25014509539474,4,0,1
418,115,1495,118003.00780082788,10352.413249713825,1487.1695531565852,111.6007261531621,360.66989479238754,4.191147411299915,66.40671258998653,4,0,1
419,115,1515,121486.67196541086,11054.801268902473,1531.0735126873026,119.17258510932395,594.9742781487367,6.913870388568249,102.11505128006014,4,0,1
420,115,1535,122372.59897390373,10873.604623313619,1542.2386829478226,117.21925531689199,164.01897802275244,1.9059747571663022,321.45563302159536,4,0,1
421,115,1555,123597.50810999985,10925.451967954681,1557.6759807467072,117.77817826282596,1.9845930398101657,0.023061869319789322,524.6230577933698,4,0,1
422,115,1575,125138.32248423596,10418.053607276881,1577.094572417672,112.3083400584699,235.04728304088462,2.731355807827946,236.13891159106817,4,0,1
423,115,1595,126501.89749347277,9761.780672557366,1594.2794499472766,105.23360933600873,305.32648564382976,3.548031949392542,93.42428006859079,4,0,1
424,115,1615,127538.0419425759,9435.071405991017,1607.337782155039,101.71162943525664,72.04944902930895,0.8372472062260597,72.41182749821122,4,0,1
425,115,1655,130976.32263876604,9790.838223536228,1650.6697824309176,105.54685453896303,341.1608306453648,3.9644432564001972,25.541527692065547,4,0,1
426,115,1715,136481.0574301596,11381.197005919435,1720.0449122054047,122.69118510970516,64.07486883890336,0.7445789752375515,31.008222947208285,4,0,1
427,115,1735,139510.1217727487,11260.585474812371,1758.2196362976426,121.3909728665004,101.98033058378026,1.1850575961593715,74.92733633079341,4,0,1
428,115,1755,138720.08198149232,11280.4727278086,1748.26291447135,121.60536074129202,725.4431325779908,8.429977525292804,86.29751009362923,4,0,1
429,115,1775,141593.10949114116,10698.63098917613,1784.4711359172195,115.33301061661004,221.95703293889704,2.5792411771909904,92.65709332440596,4,0,1
430,115,1795,142524.6292224165,10479.762873052481,1796.2109026260098,112.97357614447388,198.5978046878801,2.30779637287604,76.57647893500672,4,0,1
431,115,1815,144259.78082590364,10542.305891845415,1818.0786895825283,113.64780022582953,47.86694874929678,0.5562356083335493,215.50342170701637,4,0,1
432,115,1855,147190.91159814774,11170.318424124453,1855.0191754399677,120.41787913835402,50.49443981814766,0.5867682437168462,217.8421611921856,4,0,1
433,115,1875,148877.19074828015,12058.642444687888,1876.2710321251163,129.99415892576653,80.58853522977397,0.9364752525384552,244.5214147548072,4,0,1
434,115,1895,150660.59415137264,11517.658926537184,1898.7469273713764,124.16226717200757,283.9438291251648,3.299555803174393,301.5666103990272,4,0,1
435,115,1915,151884.45303511946,10485.642259231328,1914.1709890388595,113.03695689938264,112.84984280679639,1.3113662475698533,499.34690725665325,4,0,1
436,115,1935,153147.06110569087,10709.25524203167,1930.0833993673564,115.44754181865086,472.5969784145134,5.49179077951686,362.8973779592517,4,0,1
437,115,1955,155228.2942780015,9992.37389425601,1956.3127867750402,107.71944238447954,81.0349711263296,0.9416630397066565,376.8866278027519,4,0,1
438,115,1975,156550.79974324428,10304.622359217012,1972.9800726217866,111.0855324534614,71.65422526529404,0.8326545272158287,429.2820419820113,4,0,1
439,135,15,2520.984146464925,11857.041174432818,31.771485629765234,127.82086390641558,8.854656431916975,0.10289511522424483,24.970765662460984,4,0,1
440,135,35,3947.4795445539357,12192.352470934566,49.74933690061289,131.43557511184275,214.10270522758844,2.487970334434067,38.60490498896827,4,0,1
441,135,55,4687.069147522279,12607.738970282477,59.0702445610528,135.91351024090346,465.05771111190836,5.4041810813007105,20.032912168994873,4,0,1
442,135,95,8921.331696730003,12821.555711509347,112.43385334195318,138.2184900566272,92.76841568667415,1.0780109758797787,27.994206466685803,4,0,1
443,135,115,9436.666150054849,13351.351770613253,118.92851583369966,143.9297791525019,391.43737322810654,4.54867943562459,27.520110383734288,4,0,1
444,135,135,10257.307345577781,13689.313162510516,129.27090136091977,147.57305882437075,428.3341786649119,4.977437013743825,11.48021432395046,4,0,1
445,135,175,15654.44333000634,13436.442476909324,197.2899837544419,144.84707103242079,199.6633843843651,2.320178891214665,15.34532095304784,4,0,1
446,135,195,17297.874835141698,11514.42649936444,218.00183968662992,124.12742107274416,494.6463348053368,5.7480142799879035,23.06661287487738,4,0,1
447,135,215,17882.10615942462,11234.534725441503,225.36479639143195,121.11014148192413,945.9840795166729,10.992763142261905,41.091100227378064,4,0,1
448,135,235,20428.20873861439,13047.30508659678,257.4528448704633,140.6521056379098,962.3995001637505,11.183517759555377,49.98303573202843,4,0,1
449,135,255,20348.931023293648,12933.191125819187,256.45372284242296,139.4219382769474,922.607319150374,10.721114606832604,26.582159915136476,4,0,1
450,135,275,21455.050019767186,12586.855707188488,270.3939310149135,135.68838521261102,654.434344311921,7.604823268123116,26.111269705717163,4,0,1
451,135,315,25343.128362726584,11822.858427272151,319.39464582462665,127.45236824139316,278.45696990075976,3.2357960157161973,25.495763897108883,4,0,1
452,135,335,25781.2456500094,11110.810620806877,324.91615500054775,119.7763751815636,236.2459212025828,2.7452845257526244,24.248854901751397,4,0,1
453,135,375,30104.897535351407,10728.701245497085,379.40632065108457,115.65717295055889,240.03654071197099,2.7893332400295408,20.03869746640412,4,0,1
454,135,395,30471.963827797314,11522.667677562926,384.0323875987763,124.2162623360442,501.26126926085294,5.8248828121816265,24.056523374496447,4,0,1
455,135,415,32078.07304838456,12735.52906684486,404.2738778490329,137.2911086063801,540.2940541172385,6.278461437868795,15.491434510444778,4,0,1
456,135,435,34386.06548593065,12146.086902888484,433.3610693198432,130.93682464030667,585.57364439798,6.804630769797899,6.877231323238169,4,0,1
457,135,455,36243.90250727572,13064.078209258863,456.7750373564454,140.83292267291336,275.01561306798,3.1958058918125465,13.83835876069775,4,0,1
458,135,475,37943.629674469,13471.913148601287,478.19637685305776,145.2294507367929,539.5786323240798,6.270147912843062,9.680624683700412,4,0,1
459,135,495,38792.15991838839,12672.994767406119,488.89024277399574,136.61697852110404,652.6111385922134,7.583636792504411,8.317106264633736,4,0,1
460,135,515,40653.68795035411,14054.586153990036,512.3507279182354,151.51076205452136,1086.1643679324884,12.621721537160411,9.073215050782023,4,0,1
461,135,535,44280.53305283792,12939.511038750865,558.0591696855236,139.4900679830736,957.3464231498505,11.124798717706605,11.040051054198337,4,0,1
462,135,555,43894.480274960406,13256.368220038601,553.1938196586835,142.90584077590844,699.4712953994315,8.128173022811996,15.001226259708345,4,0,1
463,135,595,46936.016835975875,14640.305746837435,591.5257287570469,157.82491608867483,148.98981719592908,1.7313291063846936,19.124112254541497,4,0,1
464,135,615,48864.350733834224,14471.884117199963,615.8281555736164,156.009303079992,655.4818473248099,7.616995727217118,22.340670606375674,4,0,1
465,135,635,50172.22514100704,14211.709558189687,632.3110489671734,153.20457832531432,1196.8358675251195,13.907774450696031,32.89630928530316,4,0,1
466,135,655,52251.4587842713,13510.94115053615,658.5152366890711,145.6501790492333,954.145712177176,11.087605007610104,42.14619295999854,4,0,1
467,135,675,54507.32392302387,13115.882380990246,686.9454776880352,141.3913802077442,872.390234730048,10.13756935836536,53.14053465912385,4,0,1
468,135,695,55002.67104193076,12903.793741384537,693.1882435904565,139.105029613163,756.4378246310481,8.790149874684444,165.42981375077505,4,0,1
469,135,715,56619.692086363735,12994.832482578775,713.5672534895357,140.08644229253298,440.1169498865424,5.1143581480456,360.5417990177205,4,0,1
470,135,735,59259.09708738817,12476.044449393728,746.8311747160013,134.49382153576184,761.6435192421535,8.850642402085187,282.0518845830658,4,0,1
471,135,755,59687.36194717206,12424.101703204478,752.2285156145697,133.93387014536793,666.1121562867864,7.740524728474493,238.8539241949179,4,0,1
472,135,775,64418.93909846038,11540.195404236643,811.8596861156151,124.4052141270341,352.4008298144435,4.09505713380079,528.7912780729223,4,0,1
473,135,795,63478.018113826365,12784.911933631984,800.0014371916923,137.8234640736544,195.8440936783547,2.2757970046568436,1241.5379409561087,4,0,1
474,135,815,63025.39179869223,12338.013216044506,794.2970734863103,133.00582202279654,88.95457095189353,1.0336923739724122,737.0478797652788,4,0,1
475,135,835,66177.25327441379,11625.063139439599,834.0193865850736,125.32010234171061,201.51829804827065,2.3417338274954926,203.63693128192872,4,0,1
476,135,855,68141.46102341631,11179.809481043405,858.7739247517718,120.52019430087377,209.27824141651408,2.4319078814690536,97.2040930147305,4,0,1
477,135,875,68383.34980920328,11162.410060024342,861.8224032963151,120.3326256660508,456.999158357283,5.31053705111124,54.63193657105442,4,0,1
478,135,895,69288.4290585053,11035.6589018724,873.2289456196061,118.966227228382,263.0023601040132,3.0562064553522257,50.37086278693605,4,0,1
479,135,935,75728.60115572708,11528.232830250407,954.3932145528395,124.27625560197119,541.7900706958876,6.295845827587477,38.65704242657215,4,0,1
480,135,955,76046.19626471952,11729.97463234155,958.3958055471487,126.45106557774581,838.6023819753178,9.74493921747743,87.84879074304,4,0,1
481,135,975,77962.22436063415,11144.033395800605,982.543144672998,120.1345221879368,342.3823722548019,3.978638122753361,133.41160064210666,4,0,1
482,135,995,79335.33318967697,10831.236655592009,999.8481751275576,116.7625216211524,109.0110623712274,1.2667578815337999,137.4607613518232,4,0,1
483,135,1015,80796.7214085817,11372.641711528133,1018.2657740091481,122.59895762192112,159.45597413646115,1.8529505868601288,89.05649462947196,4,0,1
484,135,1035,81734.18039961997,11014.656061980424,1030.0803920836142,118.73981314244044,31.921316951660387,0.37094015009000775,276.3393883111647,4,0,1
485,135,1055,83252.67455623222,11698.691580262719,1049.2176862801446,126.11382910504403,205.021942862071,2.382447765929213,88.62539512173298,4,0,1
486,135,1075,83876.59417037279,11739.20674256157,1057.0808269835848,126.5505892520455,242.98980908777943,2.823651555161632,133.6028474845993,4,0,1
487,135,1095,85933.63463878568,11084.390380106332,1083.0053183270431,119.49156061937408,384.04984633512856,4.462833029643752,204.44567350704762,4,0,1
488,135,1115,89013.66244283051,11807.970411920018,1121.8223252696328,127.29187297481138,180.16225921667606,2.0935669908478687,85.96042663720095,4,0,1
489,135,1135,90749.20873100549,11959.44389187697,1143.6950863625043,128.92478212829883,303.38904767780747,3.5255180433718505,133.66629251236387,4,0,1
490,135,1155,92591.3662397418,11911.239873418199,1166.911448471981,128.40513484087546,296.1694183315928,3.4416226828723273,150.94695120213714,4,0,1
491,135,1175,94663.8460270725,11739.215506479246,1193.0305186269795,126.55068372852678,421.0549667958552,4.892849277362716,105.16957828913523,4,0,1
492,135,1195,95070.39711929597,12496.002856057574,1198.1542050263788,134.70897645885253,309.7924592290307,3.5999285836855797,221.058663834371,4,0,1
493,135,1215,96378.66755726394,12166.072877127359,1214.6420895210242,131.1522767464133,73.59868645601333,0.8552500462861059,818.1093249587847,4,0,1
494,135,1255,98683.1061872143,11456.472788774698,1243.6844930279287,123.50267049246142,421.68837257306063,4.900209739163846,384.7657637149409,4,0,1
495,135,1275,100302.60365186294,12368.622008338934,1264.09471278186,133.33578986356292,355.4118053711342,4.130046032492142,180.17298826580227,4,0,1
496,135,1315,104594.95397291041,12112.712747979534,1318.1903907472727,130.57704573342332,2.981324301666704,0.03464433768825793,164.79856675342052,4,0,1
497,135,1375,110058.89516834664,12520.43123650895,1387.0514065597336,134.97231843828854,111.57224002830455,1.2965199250598254,1031.3729922536045,4,0,1
498,135,1395,110360.59050345783,12908.238692378258,1390.853615715826,139.15294691965462,213.26572606205502,2.478244257726288,1007.3999662669783,4,0,1
499,135,1435,113023.012135759,13283.721099553888,1424.4076111860666,143.20070933869215,303.19380208293904,3.5232492011942367,673.2291332889105,4,0,1
